Control_sessions,Control_orders,Control_revenue,Control_custom,Variant_sessions,Variant_orders,Variant_revenue,Variant_custom
4038,163,11775.75554,1319,4378,161,10658.60749,1323
10356,428,27984.4674,3121,10176,385,26314.79106,3061
9769,366,22796.36415,3042,9755,383,26472.8158,2973
9122,320,23496.15027,2642,8906,325,21608.18159,2585
8837,298,21693.68783,2559,8754,307,20876.43101,2538
10204,370,24838.8547,2984,10174,350,25568.75275,2914
10330,340,22563.76901,2865,10310,358,24611.7152,2898
9556,319,20946.97876,2824,10069,321,21827.80402,2771
9279,336,23986.58541,2859,9589,352,24428.87681,2879
