Control_sessions,Control_orders,Control_revenue,Control_custom,Variant_sessions,Variant_orders,Variant_revenue,Variant_custom
4038,163,11775.75554,1319,3680,173,12490.67285,1222
10356,428,27984.4674,3121,9780,408,27560.53082,3050
9769,366,22796.36415,3042,9766,363,23983.22738,2994
9122,320,23496.15027,2642,8977,344,24283.79094,2771
8837,298,21693.68783,2559,9051,278,18495.63106,2547
10204,370,24838.8547,2984,10013,370,26981.61294,2853
10330,340,22563.76901,2865,10234,329,21447.58497,2910
9556,319,20946.97876,2824,9729,337,22341.04053,2778
9279,336,23986.58541,2859,9767,353,25301.39187,2994
